{
    "EnemyStatPrefabs": [
        {
            "Name": "Brown Worm",
            "MaxHp": 20,
            "MoveSpeed": 1.5,
            "color": {
                "r": 0.0,
                "g": 0.9245283007621765,
                "b": 0.16922689974308015,
                "a": 0.0
            },
            "Type": 0,
            "Aura": 0
        },
        {
            "Name": "Invisible Worm",
            "MaxHp": 30,
            "MoveSpeed": 1.75,
            "color": {
                "r": 0.7358490228652954,
                "g": 0.07983269542455673,
                "b": 0.5332241058349609,
                "a": 0.0
            },
            "Type": 1,
            "Aura": 0
        },
        {
            "Name": "Crazy Worm",
            "MaxHp": 15,
            "MoveSpeed": 4.0,
            "color": {
                "r": 0.19188325107097627,
                "g": 0.6135070323944092,
                "b": 0.8301886916160584,
                "a": 0.0
            },
            "Type": 0,
            "Aura": 2
        }
    ]
}
